monthnum,total_sales,avg_sales_per_invoice
01,569445.04,576.945329280648
02,447137.35,448.033416833667
03,595500.76,450.795427706283
04,469200.361,408.355405570061
05,678594.56,436.395215434084
06,661213.69,474.668837042355
07,600091.011,450.857258452292
08,645343.9,503.781342701015
09,952838.382,542.61866856492
10,1039318.79,538.786308968377
11,1161817.38,437.102099322799
12,1090906.68,500.875426997245
